{
  "id": "sphinx-trace-s0-h022-exact-validation-result",
  "version": "1.0.0-result",
  "status": "complete_development_rejected_against_incumbent",
  "research_id": "SPH-T-H022",
  "completed_at": "2026-07-21T11:39:10Z",
  "candidate": {
    "seed": 17,
    "frozen_H021_parameters": 65854783,
    "H022_neural_member_parameters": 11150854,
    "combined_neural_parameters": 77005637,
    "tree_feature_width": 170,
    "fixed_entry_price_threshold": null,
    "policy_sha256": "8cc2f10fa5ae41ffc56efa57cc562a2280f0f0bbee278468af8d5c5b877cf1d8",
    "h022_policy_sha256": "5798fddfef5a10fa382489a19683033bb231ed29c5c1f6ef7f5eb72d90a79abd"
  },
  "one_x_real_fee_replay": {
    "net_profit_usd": 1558.4117705088815,
    "return_on_initial_cash": 0.15584117705088815,
    "maximum_drawdown": 0.0590686157540257,
    "profit_factor": 1.311150561658476,
    "resolved_calls": 39486,
    "call_precision": 0.9039406371878641,
    "called_conditions": 16215,
    "fills": 18652,
    "total_fees_usd": 71.44068764499751,
    "active_weeks": 40,
    "active_week_median_usd": 12.965823218165497,
    "active_week_positive_fraction": 0.775,
    "active_week_minimum_usd": -129.04593341734108,
    "weekly_bootstrap_lower_95pct_usd": 9.169706569401317,
    "component_bootstrap_lower_mean_profit_usd": 0.04463062156124658,
    "independent_components": 12250,
    "result_sha256": "1e0f11e07fa656341c83832991dbff4774b93847f14cc1bf75700d4d7b8c614c",
    "audit_manifest_sha256": "81bfddeece12d4a8f6b149ef25431c402ceab89594fdb8853ed25b37327d7ac5",
    "profit_evaluation_sha256": "7d49ac1ade67fabc5b5b904f1d1758f51bf909f121aed8ea10c21ac4ad2ad9bc",
    "analysis_sha256": "0db12b12ebaf530629d876aeded16fd573e91f143437e7a3f1467cf5ab514ae2"
  },
  "two_x_real_fee_replay": {
    "net_profit_usd": 1520.9637300810612,
    "return_on_initial_cash": 0.1520963730081061,
    "maximum_drawdown": 0.05626178018387174,
    "profit_factor": 1.3062737221475067,
    "resolved_calls": 39181,
    "call_precision": 0.9031673515224216,
    "called_conditions": 15967,
    "fills": 18175,
    "total_fees_usd": 140.80281564216955,
    "active_weeks": 40,
    "active_week_median_usd": 11.755330902580681,
    "active_week_positive_fraction": 0.775,
    "active_week_minimum_usd": -152.2293844130818,
    "weekly_bootstrap_lower_95pct_usd": 8.781075922928087,
    "component_bootstrap_lower_mean_profit_usd": 0.043495839867240114,
    "independent_components": 12065,
    "result_sha256": "e61b420c806212de07940a8837df0a1364aaa258882b4e4b844ae39559d2cca7",
    "audit_manifest_sha256": "a1406bdab89fcdcfc5960b790e9963b9d33cfcb6f1b292f2cd5ea8f91adcf17c",
    "profit_evaluation_sha256": "66b578f88d23d416fc2b32ef0f0ed5627f39a6554190690c217bb9b6fcb73300",
    "analysis_sha256": "ea6ccfccd1b3ead8346bd02edbe95bf56cc57cbfde8e0f8bf010946d13501965"
  },
  "one_x_exact_fill_attribution": {
    "pnl_below_0_80_usd": 1990.3981519377726,
    "pnl_at_least_0_80_usd": -431.9863814288911,
    "price_bins_pnl_usd": {
      "below_0_50": 1154.4427796472023,
      "0_50_to_0_70": 705.1267001209548,
      "0_70_to_0_80": 130.8286721696156,
      "0_80_to_0_90": -171.91578134164916,
      "0_90_to_0_95": -69.6781174160392,
      "0_95_to_0_98": -106.88063695600519,
      "at_least_0_98": -83.51184571519755
    }
  },
  "stateful_gate_audit": {
    "evaluated_H021_calls_in_H022_state": 53233,
    "kept_calls": 39486,
    "vetoed_calls": 13747,
    "kept_call_precision": 0.9039406371878641,
    "below_0_50_candidates": 6687,
    "below_0_50_kept": 1766,
    "below_0_50_keep_fraction": 0.26409451173919546,
    "below_0_50_vetoed_mean_reference_log_utility": 0.001646115194664781,
    "price_at_least_0_80_calls_kept": 31295,
    "diagnosis": "mean_positive_gate_over_vetoed_profitable_cheap_tail_calls_while_retaining_negative_realized_high_price_fills"
  },
  "attribution_audit": {
    "dominant_tree_group": "price_portfolio_execution",
    "second_tree_group": "market",
    "wallet_incremental_edge_established": false,
    "interpretation": "H022 saw price and execution context, but the terminal quote-based target did not match realized fill-level PnL. Wallet-zero and wallet-shuffle selection ablations did not establish incremental wallet edge."
  },
  "runtime_qualification": {
    "inference_precision": "FP32",
    "single_vs_batch_2048_max_absolute_difference": 6.426125764846802e-08,
    "fixed_nonfinite_audit_sentinel": true,
    "invalid_partial_replay_excluded": "cost1x-r1 emitted non-standard -Infinity before the finite-sentinel fix; it has no result receipt and is excluded",
    "qualified_replay": "cost1x-r2"
  },
  "comparison_to_incumbent_H021": {
    "H021_one_x_net_profit_usd": 2153.233196917179,
    "H022_one_x_profit_delta_usd": -594.8214264082976,
    "H021_two_x_net_profit_usd": 2049.1687002318645,
    "H022_two_x_profit_delta_usd": -528.2049701508033,
    "H021_one_x_maximum_drawdown": 0.049357305994628786,
    "H022_one_x_drawdown_delta": 0.009711309759396914,
    "H021_one_x_active_week_median_usd": 16.53743332479553,
    "H022_one_x_active_week_median_delta_usd": -3.571610106630033,
    "maximum_confirmed_development_pnl_model": "H021"
  },
  "gates": {
    "one_x_point_profitable": true,
    "one_x_weekly_lower_95pct_profit_positive": true,
    "one_x_component_lower_95pct_profit_positive": true,
    "two_x_point_profitable": true,
    "two_x_weekly_lower_95pct_profit_positive": true,
    "two_x_component_lower_95pct_profit_positive": true,
    "minimum_calls": true,
    "minimum_components": true,
    "beat_H021_one_x_net_profit": false,
    "beat_H021_one_x_drawdown": false,
    "beat_H021_one_x_active_week_median": false,
    "beat_H021_two_x_net_profit": false,
    "all_pass": false
  },
  "decision": "reject_H022_for_incumbent_promotion_retain_H021_and_preregister_fill_realized_H023",
  "development_qualification": false,
  "live_promotion_allowed": false,
  "calibration_rows_consumed": 0,
  "test_rows_consumed": 0,
  "test_labels_opened": false,
  "paper_forward_complete": false,
  "evidence_boundary": "Exact development trade-tape replay with receipt-qualified historical platform fees. H022 is profitable and bootstrap-positive but fails the preregistered comparison to H021. It is not historical-orderbook, untouched-test or paper-forward profit evidence."
}
