{
  "id": "sphinx-trace-s0-h013-50m-causal-wallet-performance-residual-qualified-seed17-result",
  "version": "1.0.0-result",
  "status": "complete_not_promoted",
  "research_id": "SPH-T-H013",
  "completed_at": "2026-07-18T02:10:21.192048Z",
  "candidate_id": "50m",
  "variant_id": "h013_causal_wallet_performance_residual",
  "seed": 17,
  "parameters": 50248198,
  "source": {
    "source_digest": "ee5401aff84ae155699dd6e1bff00450b45a88463e0bce1f6dee239558ca0634",
    "result_sha256": "86fb833b7b9e3c7bc9cbcfb47a344bfce434cb2a012f961216e44900e2dad25f",
    "calibration_sha256": "e400c1fba095e5667ea299691cea57f5650d24cac81ff12c047b18d99b9ded23"
  },
  "training": {
    "initial_anchor_validation_log_loss": 0.45323890634729297,
    "best_epoch": -1,
    "epochs_completed": 3,
    "elapsed_seconds": 1012.4909917000041,
    "test_rows_consumed": 0,
    "test_labels_opened": false
  },
  "validation": {
    "rows": 809614,
    "raw_log_loss": 0.45323890634729297,
    "market_log_loss": 0.4532389063476882,
    "raw_delta_vs_market": -0.00000000000039523939676655573,
    "calibrated_log_loss": 0.45323234442752236,
    "calibrated_delta_vs_market": -0.000006561920165848445,
    "component_mean_delta": 0.00001713813561401138,
    "component_bootstrap_95pct": [
      -0.00000024487211680257737,
      0.000034236399819126194
    ],
    "components": 106244
  },
  "calibration": {
    "rows": 578176,
    "raw_log_loss": 0.45144412083951774,
    "market_log_loss": 0.451444120225557,
    "raw_delta_vs_market": 0.0000000006139607156008253,
    "calibrated_log_loss": 0.45140141638486175,
    "calibrated_delta_vs_market": -0.00004270384069526845,
    "component_mean_delta": -0.0000746798033585753,
    "component_bootstrap_95pct": [
      -0.00009290126635460707,
      -0.0000561284357273988
    ],
    "components": 91840
  },
  "decision": "do_not_promote_no_learned_epoch_beat_exact_market_anchor_and_validation_component_interval_crosses_zero",
  "promotion_allowed": false,
  "evidence_boundary": "Validation-selected model is the exact zero-residual market anchor; Platt-only development calibration is not wallet-performance lift and provides no simulator, test or paper-forward claim."
}
