{
  "id": "sphinx-trace-s0-h021-exact-validation-result",
  "version": "1.0.0-result",
  "status": "complete_development_qualified",
  "research_id": "SPH-T-H021",
  "completed_at": "2026-07-20T19:52:20Z",
  "selected_candidate": {
    "variant": "economic_only",
    "seed": 17,
    "epoch": -1,
    "meaning": "frozen_H014_plus_protocol_exact_no_upside_invariant_with_zero_learned_gate_and_zero_calibration_residual",
    "parameters": 65854783,
    "trainable_parameters_during_ablation": 1271087,
    "policy_sha256": "ee9427a9f9e2d0e613738e43c9aeedfbf4deaef0ac400a6211db660ad4b01346"
  },
  "fee_schedule_manifest_sha256": "20ebbd03aee5a9316ec05addb0e9b9d79c7600a3bf5b4c236bf9ff4e5367f779",
  "one_x_real_fee_replay": {
    "net_profit_usd": 2153.233196917179,
    "return_on_initial_cash": 0.2153233196917179,
    "maximum_drawdown": 0.049357305994628786,
    "profit_factor": 1.3267339510575895,
    "resolved_calls": 53497,
    "call_precision": 0.8518234667364525,
    "called_conditions": 20792,
    "fills": 24757,
    "total_fees_usd": 102.64729911583672,
    "active_weeks": 40,
    "active_week_median_usd": 16.53743332479553,
    "active_week_positive_fraction": 0.75,
    "active_week_minimum_usd": -129.6296422063897,
    "weekly_bootstrap_lower_95pct_usd": 13.076602182628445,
    "component_bootstrap_lower_mean_profit_usd": 0.060640138969848725,
    "independent_components": 14446,
    "result_sha256": "8c99702a0f5f7fa9fbc28cdb34992af23f6cc8c8991a2baf02547be6746330a5",
    "profit_evaluation_sha256": "fb82db80662419d77bb0bbaf33014c0d89b9aec6cc8f502c59bf2d2679a1ebd3"
  },
  "two_x_real_fee_replay": {
    "net_profit_usd": 2049.1687002318645,
    "return_on_initial_cash": 0.20491687002318645,
    "maximum_drawdown": 0.05062180581921782,
    "profit_factor": 1.3111573570989001,
    "resolved_calls": 53501,
    "call_precision": 0.851853236388105,
    "called_conditions": 20791,
    "fills": 24740,
    "total_fees_usd": 205.43687090179188,
    "active_weeks": 40,
    "active_week_median_usd": 16.53743332479553,
    "active_week_positive_fraction": 0.75,
    "active_week_minimum_usd": -152.5337945401443,
    "weekly_bootstrap_lower_95pct_usd": 12.230529176380136,
    "component_bootstrap_lower_mean_profit_usd": 0.056127156955782576,
    "independent_components": 14450,
    "result_sha256": "713fd83b628943917e0b07ca1f98b3ee4d2a1d67bf2a93cb9ecf77922f1a4307",
    "profit_evaluation_sha256": "b1667f607e3896b42a3616e3f191f75542b08f75d5cdfe5fb012125e74d9b004"
  },
  "stateful_decision_audit": {
    "decisions": 809614,
    "base_calls_in_H021_state": 83247,
    "kept_calls": 53497,
    "vetoed_calls": 29750,
    "no_upside_vetoes": 29750,
    "no_upside_mean_entry_price": 0.9999999999639327,
    "no_upside_mean_calibrated_probability": 0.9957289276263294,
    "no_upside_mean_break_even_probability": 1.0,
    "fixed_price_threshold_used": false
  },
  "one_x_exact_fill_attribution": {
    "counterfactual_replay": false,
    "pnl_below_0_80_usd": 2695.6898174086417,
    "pnl_at_least_0_80_usd": -542.4566204914628,
    "price_bins_pnl_usd": {
      "below_0_50": 1653.5114548481194,
      "0_50_to_0_70": 902.6246536730282,
      "0_70_to_0_80": 139.55370888749405,
      "0_80_to_0_90": -280.1694092512632,
      "0_90_to_0_95": -89.17526175935586,
      "0_95_to_0_98": -26.284425558505546,
      "at_least_0_98": -146.82752392233818
    },
    "filled_decision_price_0_80_to_0_90": {
      "decisions": 964,
      "realized_win_rate": 0.8381742738589212,
      "mean_calibrated_probability": 0.9067214473896501,
      "probability_overestimate": 0.06854717353072892,
      "realized_pnl_usd": -473.67542396976427
    }
  },
  "comparison_to_H014_one_x": {
    "H014_net_profit_usd": 1186.5307626689923,
    "net_profit_improvement_usd": 966.7024342481867,
    "net_profit_improvement_fraction": 0.8147301904534512,
    "H014_maximum_drawdown": 0.058156250818921,
    "H014_active_week_median_usd": 10.410703702023966,
    "H014_active_week_minimum_usd": -350.93757198285857,
    "H014_call_precision": 0.9040322686258332,
    "interpretation": "Lower precision is expected because H021 removes near-certain but economically valueless calls; exact net utility, not outcome accuracy, is primary."
  },
  "gates": {
    "outperform_H014_net_profit": true,
    "outperform_H014_maximum_drawdown": true,
    "outperform_H014_active_week_median": true,
    "outperform_H014_worst_week": true,
    "one_x_weekly_lower_95pct_profit_positive": true,
    "one_x_component_lower_95pct_profit_positive": true,
    "two_x_point_estimate_profitable": true,
    "two_x_weekly_lower_95pct_profit_positive": true,
    "two_x_component_lower_95pct_profit_positive": true,
    "minimum_calls": true,
    "minimum_components": true,
    "all_pass": true
  },
  "decision": "retain_H021_as_development_incumbent_and_continue_with_preregistered_H022_conditional_net_edge",
  "development_qualification": true,
  "live_promotion_allowed": false,
  "calibration_rows_consumed": 0,
  "test_rows_consumed": 0,
  "test_labels_opened": false,
  "paper_forward_complete": false,
  "evidence_boundary": "Development trade-tape liquidity proxy with receipt-qualified historical Polymarket platform fees. H021 passes registered development gates but has no historical orderbook guarantee, untouched-test result or paper-forward evidence."
}
