{
  "id": "sphinx-trace-s0-h019-exact-validation-result",
  "version": "1.0.0-result",
  "status": "complete_rejected",
  "research_id": "SPH-T-H019",
  "completed_at": "2026-07-20T18:03:57Z",
  "fee_schedule_manifest_sha256": "20ebbd03aee5a9316ec05addb0e9b9d79c7600a3bf5b4c236bf9ff4e5367f779",
  "one_x_real_fee_replay": {
    "net_profit_usd": 1116.5754042487379,
    "return_on_initial_cash": 0.1116575404248738,
    "maximum_drawdown": 0.05917354390235057,
    "profit_factor": 1.1444095080184113,
    "resolved_calls": 93917,
    "call_precision": 0.913818,
    "fills": 65730,
    "total_fees_usd": 147.72248631340767,
    "active_weeks": 40,
    "active_week_median_usd": 12.3400102274418,
    "active_week_minimum_usd": -349.9873492347433,
    "weekly_bootstrap_lower_95pct_usd": -1.426184010024051,
    "component_bootstrap_lower_mean_profit_usd": -0.0034157351768570408,
    "result_sha256": "89e92a1c9a8aa6bc538e3a57d969e331efcfcc12c0155b93de73a8226e026690",
    "profit_evaluation_sha256": "16f67db51b98b1a625d322eeabee31c2cf53e9b67c589787e5c23f1efe471f8b"
  },
  "two_x_real_fee_replay": {
    "net_profit_usd": 992.6461981938762,
    "return_on_initial_cash": 0.09926461981938763,
    "maximum_drawdown": 0.06079721649151864,
    "profit_factor": 1.1290177231993752,
    "resolved_calls": 93933,
    "call_precision": 0.9138428454323827,
    "fills": 65606,
    "total_fees_usd": 293.55191450183315,
    "active_weeks": 40,
    "active_week_median_usd": 12.3400102274418,
    "active_week_minimum_usd": -395.59439179492074,
    "weekly_bootstrap_lower_95pct_usd": -4.8691504071488545,
    "component_bootstrap_lower_mean_profit_usd": -0.008458277706665024,
    "result_sha256": "5dc6e0c5dec87ed39892498ec02c134e1725362fd4c4d2e4684761f89d7e90fa",
    "profit_evaluation_sha256": "1605adbd3cabab9fdca318ffc68d72f678010279dcb2d46aebfd569b61ff88f3"
  },
  "exact_fill_arithmetic_attribution": {
    "counterfactual_replay": false,
    "one_x_price_bins_pnl_usd": {
      "below_0_50": 1554.96,
      "0_50_to_0_70": 602.40,
      "0_70_to_0_80": 245.31,
      "0_80_to_0_90": -152.81,
      "0_90_to_0_95": -93.61,
      "0_95_to_0_98": -220.62,
      "at_least_0_98": -819.06
    },
    "one_x_price_at_least_0_90_pnl_usd": -1133.29,
    "one_x_price_equal_1_00_pnl_usd": -546.57,
    "high_price_terminal_probability_auc": 0.7467,
    "high_price_action_margin_auc": 0.5361,
    "high_price_share_with_model_probability_not_above_exact_break_even": 0.8515
  },
  "gates": {
    "outperform_H014_net_profit": false,
    "outperform_H014_maximum_drawdown": false,
    "weekly_lower_95pct_profit_positive": false,
    "component_lower_95pct_profit_positive": false,
    "two_x_point_estimate_profitable": true,
    "minimum_calls": true,
    "minimum_components": true,
    "all_pass": false
  },
  "decision": "reject_H019_and_continue_with_H021_price_aware_strict_economic_veto",
  "promotion_allowed": false,
  "calibration_rows_consumed": 0,
  "test_rows_consumed": 0,
  "test_labels_opened": false,
  "evidence_boundary": "Development trade-tape liquidity proxy with receipt-qualified historical Polymarket platform fees; not historical orderbook, untouched-test or paper-forward profit evidence."
}
