{
  "id": "sphinx-trace-s0-h012-v2-exact-validation-result",
  "version": "1.0.0-result",
  "status": "complete_rejected_for_promotion",
  "research_id": "SPH-T-H012",
  "completed_at": "2026-07-18T05:07:13.472911Z",
  "candidate": {
    "id": "sphinx-trace-s0-h012-v2-50m-wallet-flow-action-value-seed17",
    "parameters": 64583696,
    "selected_epoch": 3,
    "policy_result_sha256": "ea75b913dcdf193f2cf323bdbb3d5f599d29331aa216ee253c33ca6e246cfe8a"
  },
  "exact_replay": {
    "split": "validation",
    "cost_multiplier": 1.0,
    "decisions": 809614,
    "calls": 38702,
    "skips": 770912,
    "called_conditions": 11628,
    "resolved_calls": 38702,
    "correct_calls": 34813,
    "call_precision": 0.8995142369903364,
    "initial_cash_usd": 10000.0,
    "net_profit_usd": 568.8282097917377,
    "return_on_initial_cash": 0.056882820979173764,
    "maximum_drawdown": 0.06681739632482342,
    "profit_factor": 1.277942709529752,
    "total_fees_usd": 326.41373118718684,
    "orders": 36590,
    "fills": 10223,
    "open_positions": 0,
    "weeks": 53,
    "mean_weekly_profit_usd": 10.732607731919588,
    "positive_week_fraction": 0.5094339622641509,
    "minimum_weekly_profit_usd": -495.69204801722117,
    "maximum_weekly_profit_usd": 326.42889728325827,
    "result_sha256": "71f23d1f535337bec6e64fd07a7700760a9d2cdac5c871309bebbe9f26b24e41",
    "audit_manifest_sha256": "0fd8fd169f87dd58c538eb5204d44b5f3f0e7422ab6822c12f1a68f6f6a890e5",
    "contract_sha256": "82293416e953c5f5699e563394bd766f685e984915e057c9a981abb777d78611",
    "implementation_sha256": "26f43835e6d241d620275a8f37af238ef0e62c85c99de5729f6a52e18df93a4a"
  },
  "bootstrap": {
    "replicates": 5000,
    "weekly_block_length": 4,
    "weekly_mean_profit_usd": 10.732607731919588,
    "weekly_lower_95pct_usd": -14.828914107944481,
    "weekly_upper_95pct_usd": 37.35581354945864,
    "independent_components": 6772,
    "component_mean_profit_usd": 0.08399707764201679,
    "component_lower_95pct_usd": -0.018786498849318496,
    "component_upper_95pct_usd": 0.19813043173247283,
    "profit_evaluation_sha256": "57cff11c5151d3a1923f626ed6e6d939512140a97efa50e9f359549283ac367c"
  },
  "gates": {
    "minimum_calls": true,
    "minimum_independent_components": true,
    "weekly_lower_95pct_positive": false,
    "component_lower_95pct_positive": false,
    "all_pass": false
  },
  "decision": "reject_for_promotion_use_as_replay_state_teacher_for_H014",
  "promotion_allowed": false,
  "test_rows_consumed": 0,
  "test_labels_opened": false,
  "evidence_boundary": "Exact development trade-tape replay establishes a profitable but statistically unstable H012 path. It is not untouched-test, historical-orderbook, executable or paper-forward profit evidence."
}
