{
  "id": "sphinx-trace-s0-h014-exact-validation-result",
  "version": "1.0.0-result",
  "status": "complete_rejected_for_promotion",
  "research_id": "SPH-T-H014",
  "completed_at": "2026-07-18T06:09:50.417545Z",
  "candidate": {
    "id": "h014_replay_state_policy_seed17",
    "parameters": 64583696,
    "selected_epoch": 0,
    "policy_result_sha256": "2b3a93b38d00b69776834cf82b83313a99239e8ac6605d80024b3ba3947de0d7"
  },
  "exact_replay": {
    "split": "validation",
    "cost_multiplier": 1.0,
    "decisions": 809614,
    "calls": 76444,
    "skips": 733170,
    "called_conditions": 32394,
    "resolved_calls": 76444,
    "correct_calls": 69112,
    "call_precision": 0.9040866516665794,
    "initial_cash_usd": 10000.0,
    "net_profit_usd": 71.14330229197519,
    "return_on_initial_cash": 0.007114330229197519,
    "maximum_drawdown": 0.10375331563791236,
    "profit_factor": 1.0103181156591228,
    "total_fees_usd": 1178.1336401844326,
    "orders": 72751,
    "fills": 44735,
    "open_positions": 0,
    "weeks": 53,
    "mean_weekly_profit_usd": 1.34232645833916,
    "positive_week_fraction": 0.49056603773584906,
    "minimum_weekly_profit_usd": -587.6462121928871,
    "maximum_weekly_profit_usd": 393.885317424807,
    "result_sha256": "148e8d0b635e158f120b0fc8601af45001e6d6d9e9eba731a72110fb3c59a86c",
    "audit_manifest_sha256": "ea9013927a4aee2c916528611dd6a48b22ca0492687f8b2e14a1ff2a29e88cb5",
    "contract_sha256": "8f0986d03e89adcba80c28eba55d31c8d608ae5c53855997faabdcb483ed409a",
    "implementation_sha256": "fc9a07531217d94766a2585228ebdd8f1a7c06c4582f8a3f722dcb120ec0e1aa"
  },
  "bootstrap": {
    "replicates": 5000,
    "weekly_block_length": 4,
    "weekly_mean_profit_usd": 1.34232645833916,
    "weekly_lower_95pct_usd": -33.06300413876177,
    "weekly_upper_95pct_usd": 34.22325611381885,
    "independent_components": 22371,
    "component_mean_profit_usd": 0.003180157449017708,
    "component_lower_95pct_usd": -0.04979895358245703,
    "component_upper_95pct_usd": 0.05403659568151916,
    "profit_evaluation_sha256": "4df3679dd9789788add80ac17c96a57781f75ca6a992d48bef4e769a020ab8d6"
  },
  "comparison_to_H012": {
    "net_profit_delta_usd": -497.6849074997625,
    "fee_delta_usd": 851.7199089972458,
    "maximum_drawdown_delta": 0.03693591931308894,
    "call_precision_delta": 0.004572414676242977,
    "resolved_call_delta": 37742
  },
  "gates": {
    "outperform_H012": false,
    "minimum_calls": true,
    "minimum_independent_components": true,
    "weekly_lower_95pct_positive": false,
    "component_lower_95pct_positive": false,
    "all_pass": false
  },
  "decision": "reject_for_promotion_aggregate_H012_and_H014_on_policy_states_for_H015",
  "promotion_allowed": false,
  "test_rows_consumed": 0,
  "test_labels_opened": false,
  "evidence_boundary": "H014 exact development replay improves CALL precision but reduces net profit and robustness. It is not untouched-test, historical-orderbook or forward-profit evidence."
}
